audio_id,file_name,category,resolved_path,duration,rms_mean,rms_std,zcr_mean,zcr_std,spectral_centroid_mean,spectral_centroid_std,spectral_bandwidth_mean,spectral_bandwidth_std,spectral_rolloff_mean,spectral_rolloff_std
audio_0350,audio_0350.mp3,ambient,..\..\data\raw\audio\audio_0350.mp3,29.653061224489797,0.019471745938062668,0.002452201209962368,0.03339263008607199,0.012449733417272364,957.6452248281419,251.85106587730118,1604.1307716819867,263.9484907156814,1536.1362511003522,803.2410667107753
audio_0351,audio_0351.mp3,ambient,..\..\data\raw\audio\audio_0351.mp3,15.362585034013605,0.03115132264792919,0.013522764667868614,0.15266828738670696,0.08854856226981671,2572.3213231155405,714.3426360078872,2299.8128399790394,350.8845931757837,4806.783421450151,1076.7099261011476
audio_0352,audio_0352.mp3,ambient,..\..\data\raw\audio\audio_0352.mp3,14.485351473922902,0.006728305481374264,0.0014216522686183453,0.43497956104767627,0.11472906499684532,6424.131762721206,244.80818150751588,2800.68071461892,253.46311896135973,9480.820875901441,219.93976544986143
audio_0353,audio_0353.mp3,ambient,..\..\data\raw\audio\audio_0353.mp3,22.47002267573696,0.01424130704253912,0.00275855022482574,0.08420026794938017,0.0676236802348692,2199.61891319586,724.0962612544706,2575.5026563607207,246.48947738731815,5295.8777561660645,930.4674050825123
audio_0354,audio_0354.mp3,ambient,..\..\data\raw\audio\audio_0354.mp3,29.51015873015873,0.00800043623894453,0.001607644953764975,0.0540908825481904,0.015530637798850137,1640.1412374568845,237.93624277910223,2429.8098224118603,160.99476325098448,3825.70983262441,987.6579537839627
audio_0355,audio_0355.mp3,ambient,..\..\data\raw\audio\audio_0355.mp3,14.755102040816327,0.008444491773843765,0.001396000268869102,0.06693291814072327,0.012622880482774454,1865.8409877396525,226.33499771970241,2558.2262913615673,159.63260272020534,4781.810026348762,744.617733055372
audio_0356,audio_0356.mp3,ambient,..\..\data\raw\audio\audio_0356.mp3,29.491882086167802,0.015733029693365097,0.004927865229547024,0.15000799075531077,0.09039531474083304,2865.953682575931,798.2555164020114,2551.2686635531995,259.92088443178676,5573.948408917683,832.7419551447638
audio_0357,audio_0357.mp3,ambient,..\..\data\raw\audio\audio_0357.mp3,26.530113378684806,0.031597696244716644,0.014844343066215515,0.20254401793525809,0.08155695338210216,2921.457908137423,623.594949455585,2296.4769490277854,311.8469014192421,5126.852200725886,1101.109632736794
audio_0358,audio_0358.mp3,ambient,..\..\data\raw\audio\audio_0358.mp3,7.986122448979592,0.016102246940135956,0.013230602256953716,0.11432168650072674,0.06937287818591943,2193.033185432429,553.7344537990506,2331.4887618348525,279.19841535668513,4218.4734255768535,726.0824098915707
audio_0359,audio_0359.mp3,ambient,..\..\data\raw\audio\audio_0359.mp3,30.0,0.036815594881772995,0.005634957458823919,0.09916153190305728,0.03937001346902741,1896.2157289824559,259.34836188837716,2210.892496222533,117.98857502249793,4044.817208210381,461.6605148729509
audio_0360,audio_0360.mp3,ambient,..\..\data\raw\audio\audio_0360.mp3,9.79310657596372,0.00408513518050313,0.001464999746531248,0.11993205716824644,0.05721903346580557,2080.0446973466383,753.6065699970331,2171.270349012845,717.540828868837,4287.862855450237,1643.2891313800333
audio_0361,audio_0361.mp3,ambient,..\..\data\raw\audio\audio_0361.mp3,26.231292517006803,0.009914129972457886,0.0017528164898976684,0.15531189504977877,0.05057581197536463,2410.7140922652106,351.99437793452796,2161.0389092172295,180.09739088285536,4576.310646259679,603.8506883727584
audio_0362,audio_0362.mp3,ambient,..\..\data\raw\audio\audio_0362.mp3,21.820272108843536,0.010484551079571247,0.002303764456883073,0.11305061502659575,0.05411931055894911,2008.2988439452595,402.27600498688133,2036.1044087984772,134.83021563833725,4080.2098310754654,649.0442220550649
audio_0363,audio_0363.mp3,ambient,..\..\data\raw\audio\audio_0363.mp3,14.658956916099774,0.008665086701512337,0.0016131375450640917,0.1741587964794304,0.07209072331591919,2478.005899065485,661.6071019691619,2234.965777633125,295.3343107199469,4953.607757182061,1156.8613715842657
audio_0364,audio_0364.mp3,ambient,..\..\data\raw\audio\audio_0364.mp3,14.854467120181406,0.026923775672912598,0.012785311788320541,0.12210159301757813,0.10708583006335011,2218.430297060214,879.0226312439216,2075.0592005775516,237.89003639575776,4308.5247802734375,865.5688528331524
audio_0365,audio_0365.mp3,ambient,..\..\data\raw\audio\audio_0365.mp3,9.414467120181406,0.010037899017333984,0.0017519344110041857,0.12035892279864532,0.0437156954166156,2109.5256423178234,324.9848142981019,2108.8532859507254,137.30978359286885,4217.935496363147,569.7335026733001
audio_0366,audio_0366.mp3,ambient,..\..\data\raw\audio\audio_0366.mp3,19.921904761904763,0.011878744699060917,0.009898685850203037,0.23987300134761072,0.10471668071066467,2902.3536589980004,929.2360646206355,1859.2623926325753,356.3795925908155,4550.972208943401,1053.3784722916694
audio_0367,audio_0367.mp3,ambient,..\..\data\raw\audio\audio_0367.mp3,19.921904761904763,0.016343651339411736,0.008968442678451538,0.17733544125145687,0.0999664628755103,2519.801961502134,808.8424716138896,2072.3944447814224,273.76963470749223,4480.625392673733,947.2488104412882
audio_0368,audio_0368.mp3,ambient,..\..\data\raw\audio\audio_0368.mp3,7.0,0.00142361456528306,0.004380259662866592,0.048674526593543044,0.04494303914272294,1420.770246587262,718.0425425074571,1703.84109530842,923.1031102474577,2765.519259623344,2066.573929431247
audio_0369,audio_0369.mp3,ambient,..\..\data\raw\audio\audio_0369.mp3,30.0,0.007716367021203041,0.002279967535287142,0.22342192942143962,0.07098042429143034,3291.7929110296773,417.227214510981,2812.0511513511406,279.5789323000594,6557.352015256143,816.2178575484975
audio_0370,audio_0370.mp3,ambient,..\..\data\raw\audio\audio_0370.mp3,22.038730158730157,0.0025407825596630573,0.0003153390425723046,0.05408974095394737,0.014771271271437644,1889.879270785251,174.17826485388267,2697.2322864829584,93.47576428420587,4909.048982319079,501.00880841935054
audio_0371,audio_0371.mp3,ambient,..\..\data\raw\audio\audio_0371.mp3,28.73310657596372,0.003539265599101782,0.000834117759950459,0.07174736848747981,0.06525317894246263,2050.5772561598324,504.5017043319672,2734.4623775008718,232.04380450593206,5105.578120267064,1019.7043551667028
audio_0372,audio_0372.mp3,ambient,..\..\data\raw\audio\audio_0372.mp3,25.402267573696147,0.0035661314614117146,0.0005855336203239858,0.04728026451096892,0.020551688224036756,1848.7805960168446,183.33335664086079,2769.63487673092,116.31415197069698,4996.785690056558,663.9674042228803
audio_0373,audio_0373.mp3,ambient,..\..\data\raw\audio\audio_0373.mp3,22.097097505668934,0.00395893445238471,0.0019202388357371092,0.32246565618434875,0.11803050173591587,3999.1707271281784,788.7773652557594,2625.0266712545595,294.44412331902663,6731.195606904871,795.4623652824956
audio_0374,audio_0374.mp3,ambient,..\..\data\raw\audio\audio_0374.mp3,23.313605442176872,0.0024775557685643435,0.0003169303818140179,0.11656949626865672,0.05710238807762638,2579.735349683467,527.5060790939161,2919.3756909840045,233.26219258771948,6211.900580107276,944.9576221633075
audio_0375,audio_0375.mp3,ambient,..\..\data\raw\audio\audio_0375.mp3,16.487120181405896,0.014159558340907097,0.003287737024948001,0.20055173720991562,0.08369868733995658,3257.4683877033904,483.58474208442664,2742.9735418353703,200.9044321243845,6378.931282140032,615.3163363336009
audio_0376,audio_0376.mp3,ambient,..\..\data\raw\audio\audio_0376.mp3,22.097097505668934,0.006877755746245384,0.001668752869591117,0.20756825679490545,0.08724075037818182,3309.965045236951,519.63044587247,2765.4446737470453,202.4736721602055,6443.256871840533,648.3232969050391
audio_0377,audio_0377.mp3,ambient,..\..\data\raw\audio\audio_0377.mp3,13.47124716553288,0.007135845720767975,0.006142240948975086,0.3045152148773666,0.07318439082078283,3678.2248160511003,608.3412165984249,2205.2712566228306,468.9005251830743,5838.666874529367,988.9568594435116
audio_0378,audio_0378.mp3,ambient,..\..\data\raw\audio\audio_0378.mp3,20.097369614512473,0.005918517708778381,0.0015419427072629333,0.22006204442118937,0.07523037596153746,3375.8151918371514,515.0383052264888,2761.632266757735,256.3723288628959,6484.726607606813,842.0584189825585
audio_0379,audio_0379.mp3,ambient,..\..\data\raw\audio\audio_0379.mp3,12.14312925170068,0.005913460161536932,0.003403672017157078,0.2944457307600382,0.07519064026334482,3647.0221699729777,586.172386765328,2192.0033191198827,339.9627899406697,5840.521088521749,830.2304288049446
audio_0380,audio_0380.mp3,tense,..\..\data\raw\audio\audio_0380.mp3,26.48281179138322,0.07083400338888168,0.04883283004164696,0.020556169889351446,0.031185963182337056,376.0299435348672,413.17053294497435,756.3136718026433,433.0841338080811,494.83904692292947,961.5755500579247
audio_0381,audio_0381.mp3,tense,..\..\data\raw\audio\audio_0381.mp3,6.9044897959183675,0.14932593703269958,0.11699030548334122,0.09900639681208054,0.07857583837213926,1511.7196344201486,1008.2253376431058,1548.4515026884478,653.4664311886555,2765.1017361839345,1916.1521723577148
audio_0382,audio_0382.mp3,tense,..\..\data\raw\audio\audio_0382.mp3,16.614739229024945,0.06749369204044342,0.05843761935830116,0.08812249039804469,0.07666275491295285,1402.6605598614622,895.1080366472062,1477.9153935073696,600.4722857771815,2342.9087377793294,1752.9734671499732
audio_0383,audio_0383.mp3,tense,..\..\data\raw\audio\audio_0383.mp3,10.75954648526077,0.10070925951004028,0.0580495223402977,0.11394947972790949,0.023156154367640146,2384.921976223262,154.80336486008213,1752.5147373885513,65.70705897631048,4325.250138907597,236.38367800346796
audio_0384,audio_0384.mp3,tense,..\..\data\raw\audio\audio_0384.mp3,8.886938775510204,0.07275493443012238,0.06071920692920685,0.37115366963120106,0.023343704259267885,4442.181427459593,90.78145979013831,762.9964601587836,216.3933430872113,5237.3753799159595,284.0140338019168
audio_0385,audio_0385.mp3,tense,..\..\data\raw\audio\audio_0385.mp3,12.861179138321996,0.18237580358982086,0.029430346563458443,0.19368636479016246,0.02728653105912727,3046.6632467268146,203.99785780760539,2102.5369374408187,87.2384222800682,5141.538103564982,803.137509648316
audio_0386,audio_0386.mp3,tense,..\..\data\raw\audio\audio_0386.mp3,28.02185941043084,0.13547168672084808,0.07892514765262604,0.02186747553334714,0.0054441315926758325,374.7638932014261,135.37412210729605,563.5328827112174,231.95013143946895,649.6801090319491,323.0574619175764
audio_0387,audio_0387.mp3,tense,..\..\data\raw\audio\audio_0387.mp3,11.491700680272109,0.15859520435333252,0.027094481512904167,0.009610755997474747,0.0027005215931651893,233.5119798705132,27.394007933339466,392.5576233689709,24.000898410346537,419.33194247159093,98.42164893337072
audio_0388,audio_0388.mp3,tense,..\..\data\raw\audio\audio_0388.mp3,13.2,0.09888908267021179,0.025304211303591728,0.005876537785588752,0.0009257465590475443,77.70674135394194,42.67611513920907,143.14142691637136,115.89425549130209,110.0691059561731,68.03508320362535
audio_0389,audio_0389.mp3,tense,..\..\data\raw\audio\audio_0389.mp3,9.994920634920636,0.17805349826812744,0.029457418248057365,0.009665929524361948,0.002127462982991708,228.72110945725277,21.411049817560695,354.0659633769019,20.312138759365354,369.9364328052494,47.22263415422024
audio_0390,audio_0390.mp3,tense,..\..\data\raw\audio\audio_0390.mp3,8.73328798185941,0.16535429656505585,0.03217054530978203,0.010718874336870026,0.00344268574936715,361.3414816509964,40.614428917339204,634.5320881262476,35.515862241084534,609.1269090890252,100.26344664014582
audio_0391,audio_0391.mp3,tense,..\..\data\raw\audio\audio_0391.mp3,12.8,0.1414598673582077,0.024500712752342224,0.02548615828804348,0.006750384773751254,415.4943645096189,169.53125644877173,568.094525065005,229.2653343730092,649.0973431131114,502.8666800159267
audio_0392,audio_0392.mp3,tense,..\..\data\raw\audio\audio_0392.mp3,11.52766439909297,0.060390982776880264,0.11645537614822388,0.23385036783199195,0.2364709768270454,2961.2990056298054,2223.453776081959,2213.1528373194196,835.8840927404273,5022.695450044014,3545.3838940721757
audio_0393,audio_0393.mp3,tense,..\..\data\raw\audio\audio_0393.mp3,7.817414965986394,0.060291215777397156,0.056422874331474304,0.04829347876483679,0.0467886574695679,1189.6899280066057,875.4768408309052,1773.1259453779805,721.2674485188229,2251.881041937129,2297.5719826675804
audio_0394,audio_0394.mp3,tense,..\..\data\raw\audio\audio_0394.mp3,4.000181405895692,0.10178711265325546,0.07570390403270721,0.051701363800578035,0.013968524660633022,1165.2811432919975,302.8142688157868,1595.500867621006,345.4100245254303,2407.2378522398844,879.9390640647886
audio_0395,audio_0395.mp3,tense,..\..\data\raw\audio\audio_0395.mp3,8.688072562358277,0.15658724308013916,0.12572404742240906,0.07344270833333333,0.03169026573629615,2103.0849092865756,821.6025331832658,2628.5630325083275,525.5065507053613,4836.0416015625,2304.262494270411
audio_0396,audio_0396.mp3,tense,..\..\data\raw\audio\audio_0396.mp3,10.365079365079366,0.1273239254951477,0.1283491551876068,0.17073567708333334,0.22958131229768075,2062.3163696303,2255.8704343292093,1575.3961513820218,1198.477384917675,3564.539966967282,3684.449692646993
audio_0397,audio_0397.mp3,tense,..\..\data\raw\audio\audio_0397.mp3,10.920498866213151,0.19932161271572113,0.1376836895942688,0.055214138800424625,0.12317511116736608,1122.380546736331,1563.695044933505,1287.4480126451313,1078.6552422526465,1883.5609387440286,2987.267831082931
audio_0398,audio_0398.mp3,tense,..\..\data\raw\audio\audio_0398.mp3,9.252380952380953,0.14727093279361725,0.14502529799938202,0.04172173598057644,0.05024172040373286,1820.7462142790055,1661.5973040468937,2211.8712728058654,1061.3040825394557,3626.9955283717104,3308.7594323582175
audio_0399,audio_0399.mp3,tense,..\..\data\raw\audio\audio_0399.mp3,10.046303854875283,0.11536447703838348,0.08680028468370438,0.12838188329965358,0.12519529041081864,2377.1974485515084,1196.7559662652025,2355.5196481322955,455.07164531249055,4764.109298318418,1962.2918653126253
audio_0400,audio_0400.mp3,tense,..\..\data\raw\audio\audio_0400.mp3,12.649478458049886,0.11664777994155884,0.02939690463244915,0.0060036195527522936,0.004875076231077125,95.59822935112923,107.61006783928896,169.60295954710008,206.66677293163502,146.42578125,248.20141995325162
audio_0401,audio_0401.mp3,tense,..\..\data\raw\audio\audio_0401.mp3,7.041088435374149,0.1826937347650528,0.21452787518501282,0.11060855263157894,0.08554913770379796,1839.3940720545065,1419.4596516406534,1659.4907722339476,1176.4487326859821,3416.483507658306,3389.488863586893
audio_0402,audio_0402.mp3,tense,..\..\data\raw\audio\audio_0402.mp3,27.80766439909297,0.022165102884173393,0.03158526495099068,0.16824631221306344,0.17668644782602413,2091.639606952411,1643.2629212495137,1683.604219435472,1126.4991966040134,3779.2928399546117,3163.587499978362
audio_0403,audio_0403.mp3,tense,..\..\data\raw\audio\audio_0403.mp3,21.34548752834467,0.02965424582362175,0.0062734205275774,0.011359438688858695,0.0019650842029574835,122.11862931741622,15.076706737906626,205.71756464891916,60.81587099661798,197.9650348165761,10.884410000910542
audio_0404,audio_0404.mp3,tense,..\..\data\raw\audio\audio_0404.mp3,5.038956916099774,0.024027684703469276,0.061262961477041245,0.2891319344896789,0.23471072959418177,3626.07621182526,2025.5204699034646,2414.082637886483,766.2169317354941,6226.651644925459,3104.621900369121
audio_0405,audio_0405.mp3,tense,..\..\data\raw\audio\audio_0405.mp3,5.3318820861678,0.053401265293359756,0.05791005864739418,0.09509171195652173,0.07768235151744718,2092.8898160429544,1207.504141958311,2154.524416158909,818.4796098597428,4148.512015964674,2528.2847459978775
audio_0406,audio_0406.mp3,tense,..\..\data\raw\audio\audio_0406.mp3,3.634512471655329,0.11880523711442947,0.10740570724010468,0.07694006269904459,0.06316767951896418,1218.1998760468996,843.8456132407312,1171.724417064988,639.7882171142153,2151.6058854996018,1675.803510223105
audio_0407,audio_0407.mp3,tense,..\..\data\raw\audio\audio_0407.mp3,16.962086167800454,0.1686101108789444,0.2282174825668335,0.33317747520519836,0.2494998786169279,3906.2328592079557,2148.9708426657976,2480.3274944408404,612.3214090241813,6590.780301491963,2887.817117337291
audio_0408,audio_0408.mp3,tense,..\..\data\raw\audio\audio_0408.mp3,4.091700680272109,0.10513445734977722,0.07017384469509125,0.09885626324152542,0.17224204916540292,1699.4510158613741,1851.9854128331526,1852.8603977832695,737.5485461281042,2888.612288135593,2921.403357592222
audio_0409,audio_0409.mp3,tense,..\..\data\raw\audio\audio_0409.mp3,10.425759637188209,0.15649552643299103,0.1260199099779129,0.06523003472222222,0.029413007352309978,2034.481839458174,830.8941323274123,2636.632472520712,529.1166775720138,4766.75732421875,2387.0718486504343
audio_0410,audio_0410.mp3,chaotic,..\..\data\raw\audio\audio_0410.mp3,14.405124716553289,0.07678382843732834,0.008427518419921398,0.12042226499597423,0.08489644596668708,3538.7639242543532,1013.2769302150144,2627.2578853741948,519.7037835805172,6531.287505661232,2056.2996492145967
audio_0411,audio_0411.mp3,chaotic,..\..\data\raw\audio\audio_0411.mp3,17.4962358276644,0.12673915922641754,0.038932278752326965,0.12831629745523873,0.13750252049766387,2421.7765384988184,1558.0553129574855,1945.686045498765,801.4551661246877,4390.060368140749,2373.956107170196
audio_0412,audio_0412.mp3,chaotic,..\..\data\raw\audio\audio_0412.mp3,5.801451247165533,0.1449115127325058,0.02815292403101921,0.023955078125,0.017650731667544498,557.4597232824227,317.64011374210725,748.8989663674896,273.44103257729404,1085.7041015625,651.5883220753702
audio_0413,audio_0413.mp3,chaotic,..\..\data\raw\audio\audio_0413.mp3,4.365351473922902,0.0007952336454764009,0.0001400027103954926,0.7316313244047619,0.04416251545814868,6294.352635302248,92.80846787391306,3027.709838520835,46.47177025967336,9638.8427734375,96.93994498597401
audio_0414,audio_0414.mp3,chaotic,..\..\data\raw\audio\audio_0414.mp3,5.990748299319728,5.264331412035972e-05,0.00019316688121762127,0.6766201888272201,0.048313132623620324,6325.499760158653,215.86807169564244,3052.193173361906,79.90158549627314,9688.611169763513,113.90773446826586
audio_0415,audio_0415.mp3,chaotic,..\..\data\raw\audio\audio_0415.mp3,16.66453514739229,0.18824195861816406,0.13183952867984772,0.03593219555188022,0.039111466578273864,1039.0486091136934,681.7169156604831,1345.4063830172995,440.065708123875,2133.196664454213,1355.9511152434918
audio_0416,audio_0416.mp3,chaotic,..\..\data\raw\audio\audio_0416.mp3,6.5,0.11151182651519775,0.06623131781816483,0.20314592633928572,0.1726133501274543,3718.813737700371,1892.2349393220536,2619.8822267017013,1265.700309723973,6964.222412109375,3419.089302367045
audio_0417,audio_0417.mp3,chaotic,..\..\data\raw\audio\audio_0417.mp3,22.5,0.0729571208357811,0.038665469735860825,0.3100157620614035,0.12769193586179092,4285.669848590964,1016.5603342851964,3034.821613310649,509.5330657630618,8090.962186169698,1517.2235600497627
audio_0418,audio_0418.mp3,chaotic,..\..\data\raw\audio\audio_0418.mp3,3.0,0.04239702597260475,0.034962281584739685,0.05571664663461538,0.09150809200358033,2542.438916103831,1793.8705435201957,2193.7596562236045,1385.2237682754128,5304.7874098557695,3592.2484337107862
audio_0419,audio_0419.mp3,chaotic,..\..\data\raw\audio\audio_0419.mp3,15.630022675736962,0.07122362405061722,0.02777559496462345,0.06353596763724036,0.0538994649920501,1572.941079954924,786.3916567611016,1909.4598777217825,478.5101636379077,3099.726953704562,1700.7167453296524
audio_0420,audio_0420.mp3,chaotic,..\..\data\raw\audio\audio_0420.mp3,3.86,0.06440182030200958,0.032245319336652756,0.20453721463323354,0.19034670006422502,2551.1883743583107,1972.091751816217,1911.5383580255748,678.144907330478,4071.7739813342064,3263.026201611204
audio_0421,audio_0421.mp3,chaotic,..\..\data\raw\audio\audio_0421.mp3,4.8,0.07316508889198303,0.024331869557499886,0.13877330540458938,0.13732518741542216,2148.539100981749,1568.0117628737432,2105.818479564055,705.5805481036587,3968.298870584239,3072.6707610377784
audio_0422,audio_0422.mp3,chaotic,..\..\data\raw\audio\audio_0422.mp3,5.8,0.07702486217021942,0.03642932325601578,0.068240234375,0.09419938334609429,1419.1166173080146,1173.5082584682254,1779.1664055614103,639.8198228155162,2666.155078125,2497.5404388302536
audio_0423,audio_0423.mp3,chaotic,..\..\data\raw\audio\audio_0423.mp3,17.93002267573696,0.3686967194080353,0.1480923444032669,0.037278662677878396,0.056383061377932156,1076.9828963046807,1520.5606844089355,1081.3639808364019,596.2089773541301,1582.1054396931597,2177.847622455345
audio_0424,audio_0424.mp3,chaotic,..\..\data\raw\audio\audio_0424.mp3,6.78,0.1297524869441986,0.09638661891222,0.05465907266695205,0.08170340187878412,2743.1535685464564,1937.1782484472367,2083.444406559744,872.1564332338912,4636.2756180436645,2997.7995447983485
audio_0425,audio_0425.mp3,chaotic,..\..\data\raw\audio\audio_0425.mp3,3.06,0.24579423666000366,0.11787852644920349,0.02083703243371212,0.04337547043963906,903.2882122788199,1463.0133184558429,1023.0936262255954,733.4943398711657,1493.0503151633523,2391.7481832715907
audio_0426,audio_0426.mp3,chaotic,..\..\data\raw\audio\audio_0426.mp3,11.4,0.2636813223361969,0.1137244775891304,0.04604860138747454,0.07282097008631848,1406.9969576405479,1792.6628971188195,1233.9447299607928,740.3223563509284,2094.0053283318484,2549.7427820228554
audio_0427,audio_0427.mp3,chaotic,..\..\data\raw\audio\audio_0427.mp3,3.2900226757369615,0.19864869117736816,0.11699812114238739,0.03902123679577465,0.050568287794719245,1685.5253810098532,1375.9744048586501,1551.2735299490378,803.976351133074,2818.499154104313,2518.5499844165497
audio_0428,audio_0428.mp3,chaotic,..\..\data\raw\audio\audio_0428.mp3,6.4956916099773245,0.18096521496772766,0.10269581526517868,0.26561453683035713,0.08437667860868453,3599.523945563306,822.7264116130087,2306.7833733561442,358.00642323333267,6051.214599609375,1397.3665967802378
audio_0429,audio_0429.mp3,chaotic,..\..\data\raw\audio\audio_0429.mp3,12.568798185941043,0.2718697786331177,0.0874742791056633,0.05062899994234318,0.032619292815393525,1380.8474000773124,548.1624485947697,1535.2586894387546,635.5832704192162,2845.3624992792898,1203.233548074682
audio_0430,audio_0430.mp3,chaotic,..\..\data\raw\audio\audio_0430.mp3,20.83986394557823,0.12643484771251678,0.02685592696070671,0.0612396036330735,0.06758902193750958,1619.7017087305571,1038.69913329856,1959.2537854507075,639.1061975989477,3225.892037644418,2052.681079144123
audio_0431,audio_0431.mp3,chaotic,..\..\data\raw\audio\audio_0431.mp3,12.60530612244898,0.1159486249089241,0.031155047938227654,0.08007362885589318,0.07310031050320959,1975.1601869032502,1175.4259211353467,2204.2200205497156,642.1370367687123,4043.3645006042816,2271.1012165028997
audio_0432,audio_0432.mp3,chaotic,..\..\data\raw\audio\audio_0432.mp3,28.71374149659864,0.04535647854208946,0.07050812989473343,0.11348690443108327,0.04118668355813906,1967.6076728957296,570.608013535636,1900.553915281861,544.2610253325664,3592.98988780189,1335.8169217568307
audio_0433,audio_0433.mp3,chaotic,..\..\data\raw\audio\audio_0433.mp3,7.564807256235827,0.09477601200342178,0.049881353974342346,0.10946336991947853,0.10743937845028004,2428.9490579585886,1251.7923822378596,2353.5092393276373,606.0249681846165,4943.0920934384585,2279.292566415325
audio_0434,audio_0434.mp3,chaotic,..\..\data\raw\audio\audio_0434.mp3,5.492789115646259,0.11346907913684845,0.028833728283643723,0.14965305247890295,0.1460824069267265,2845.2603863124023,1492.5839299691868,2487.106383861001,477.7278029056207,5515.316579311709,2258.6401008969588
audio_0435,audio_0435.mp3,chaotic,..\..\data\raw\audio\audio_0435.mp3,4.275374149659864,0.15174828469753265,0.10222246497869492,0.1911792652027027,0.05844093006829631,3020.501981631777,543.1399380030463,2321.546465180464,265.1963029209568,5434.805875211148,993.8823822451404
audio_0436,audio_0436.mp3,chaotic,..\..\data\raw\audio\audio_0436.mp3,3.7970068027210884,0.284345805644989,0.03462706506252289,0.06753763338414634,0.0077128226916285455,2621.347802374517,139.22452814449684,2769.987509879048,71.09644697368562,5983.867068407012,369.7188453298801
audio_0437,audio_0437.mp3,chaotic,..\..\data\raw\audio\audio_0437.mp3,20.44063492063492,0.13638660311698914,0.041818767786026,0.07363347758229286,0.05358849898179415,2155.250349410747,737.2221670287588,2495.3459849530263,363.68655899307726,4782.961921821793,1514.84204784381
audio_0438,audio_0438.mp3,chaotic,..\..\data\raw\audio\audio_0438.mp3,24.90517006802721,0.1835259199142456,0.03914063796401024,0.08926445640144455,0.0828942433756506,1781.2172149556898,1126.7775419026125,1779.9426648425085,683.2075588253014,3374.2107864195013,2189.6221313798496
audio_0439,audio_0439.mp3,chaotic,..\..\data\raw\audio\audio_0439.mp3,14.321315192743764,0.043613824993371964,0.030042262747883797,0.052570559410453806,0.026784788650083647,1218.0821987221334,527.5231879585356,1682.9064421091548,404.09582819579265,2250.097577112034,1134.5606460752326
audio_0440,audio_0440.mp3,rhythmic,..\..\data\raw\audio\audio_0440.mp3,16.0,0.043813228607177734,0.02842426858842373,0.04892365828804348,0.010650194010040396,1008.455739575013,119.61871099844474,1290.5851777871028,95.05871976703158,1866.3045601222825,248.8929646127628
audio_0441,audio_0441.mp3,rhythmic,..\..\data\raw\audio\audio_0441.mp3,13.71922902494331,0.03710104897618294,0.049519285559654236,0.11388189377115059,0.054131926577593,1982.4148673520458,705.7807273710418,1954.8999014119452,329.6128409895116,4001.222562063769,1348.3482504164176
audio_0442,audio_0442.mp3,rhythmic,..\..\data\raw\audio\audio_0442.mp3,19.658231292517005,0.017386604100465775,0.013613719493150711,0.14831874446576152,0.07306861777778571,3053.7450251012706,1265.2863914111042,2506.0640310532717,616.5085557558058,5705.1420858083675,2590.3224041018393
audio_0443,audio_0443.mp3,rhythmic,..\..\data\raw\audio\audio_0443.mp3,23.420544217687073,0.1293642818927765,0.06871292740106583,0.08002198959365708,0.030272089752024892,1733.8711996507875,377.5658712318564,2101.5579542842975,511.3515534727576,3687.0328421162662,1142.3497479010489
audio_0444,audio_0444.mp3,rhythmic,..\..\data\raw\audio\audio_0444.mp3,8.000136054421768,0.3850306272506714,0.10331680625677109,0.17202926856884057,0.073135152401995,2937.4807722366977,571.0366660776546,2620.672808209426,197.2525572682156,5960.421832540761,1012.7274044775361
audio_0445,audio_0445.mp3,rhythmic,..\..\data\raw\audio\audio_0445.mp3,23.961133786848073,0.035011082887649536,0.013364794664084911,0.019359026768410854,0.009300543616881873,784.0367029785746,545.7938148853408,1401.771325846303,654.7134403714152,1499.4579226471658,1523.0418234999545
audio_0446,audio_0446.mp3,rhythmic,..\..\data\raw\audio\audio_0446.mp3,7.965034013605442,0.3101273775100708,0.1115870401263237,0.040328624636627904,0.023360414277247634,2353.180884584546,854.2187766032923,3006.840762580445,446.8024386824441,6007.450689271439,1861.4326922138716
audio_0447,audio_0447.mp3,rhythmic,..\..\data\raw\audio\audio_0447.mp3,18.36843537414966,0.11660841852426529,0.06167605519294739,0.04007851957070707,0.06337299527050044,1286.6622754172306,1237.9612064643056,1638.350613868625,955.7739434829783,2737.354070490057,2681.061175953686
audio_0448,audio_0448.mp3,rhythmic,..\..\data\raw\audio\audio_0448.mp3,29.69074829931973,0.018047982826828957,0.009883036836981773,0.07316774274335418,0.02772916656970608,1226.5747807140413,343.720139227325,1219.31612695636,167.44255504359788,2544.4956119588055,663.4475215446735
audio_0449,audio_0449.mp3,rhythmic,..\..\data\raw\audio\audio_0449.mp3,8.0,0.3646808862686157,0.22931230068206787,0.005379585597826087,0.0015798945380822336,277.2923539335806,294.7597646786716,694.5874903880939,376.78255481138837,420.0847061820652,743.987172198047
audio_0450,audio_0450.mp3,rhythmic,..\..\data\raw\audio\audio_0450.mp3,8.0,0.3891911506652832,0.19532471895217896,0.1252264492753623,0.12781601747285348,2819.076843584402,1148.6318140735646,2736.690811563858,391.19003882551226,5990.318656589674,1748.4522852287319
audio_0451,audio_0451.mp3,rhythmic,..\..\data\raw\audio\audio_0451.mp3,8.0,0.39360785484313965,0.18389028310775757,0.13544497282608695,0.11701050052373935,2967.8216423553677,953.6116447207972,2719.887049707535,331.6047930216071,6156.373980978261,1322.734199883792
audio_0452,audio_0452.mp3,rhythmic,..\..\data\raw\audio\audio_0452.mp3,8.0,0.37189215421676636,0.21697358787059784,0.1172950634057971,0.16688328347478937,2208.1776944366484,2024.8239461065134,2231.7055765696655,932.9623776298164,4216.9189453125,3589.3991742260323
audio_0453,audio_0453.mp3,rhythmic,..\..\data\raw\audio\audio_0453.mp3,8.0,0.38676637411117554,0.19682364165782928,0.13573652626811594,0.16033158738513234,2701.190094196025,1608.190101017738,2550.4058507092686,604.2092089851997,5432.296620244565,2654.573839308549
audio_0454,audio_0454.mp3,rhythmic,..\..\data\raw\audio\audio_0454.mp3,18.46154195011338,0.013013736344873905,0.01327599585056305,0.10204157997016332,0.11513416056981528,2423.21600884318,1548.8877366459462,2556.9765719382726,682.353256577071,5021.077678431218,2968.9539732405715
audio_0455,audio_0455.mp3,rhythmic,..\..\data\raw\audio\audio_0455.mp3,3.4286167800453513,0.048641011118888855,0.033988382667303085,0.13154560810810811,0.0662170976095143,2502.145552545605,945.1333289255412,1807.8559537498215,600.4175414263941,4294.782813819679,1833.98367267671
audio_0456,audio_0456.mp3,rhythmic,..\..\data\raw\audio\audio_0456.mp3,6.857142857142857,0.033578988164663315,0.03551490604877472,0.10343314505912163,0.07196052717409741,2008.9377140242125,1334.4990401970056,1628.039315858494,875.1916415706274,3431.23589593011,2566.513168462242
audio_0457,audio_0457.mp3,rhythmic,..\..\data\raw\audio\audio_0457.mp3,3.4285714285714284,0.037598978728055954,0.060018524527549744,0.22811642208614866,0.07829931323652832,4433.356034207831,667.5559428737996,3107.4439927837225,196.2319714879775,8091.392063450169,570.674416078881
audio_0458,audio_0458.mp3,rhythmic,..\..\data\raw\audio\audio_0458.mp3,10.746303854875283,0.14455199241638184,0.08718554675579071,0.09263317528347732,0.0492867316221934,2496.6824512946296,1148.2733153948727,2584.7525697518895,785.5088154304982,5421.8791656823705,2366.830143809771
audio_0459,audio_0459.mp3,rhythmic,..\..\data\raw\audio\audio_0459.mp3,5.373151927437641,0.13232122361660004,0.0828830674290657,0.07941305226293104,0.049371113607629254,2194.721024951311,1046.292259457138,2580.7759428549803,635.3465361890021,4918.248564621498,2186.8122512048185
audio_0460,audio_0460.mp3,rhythmic,..\..\data\raw\audio\audio_0460.mp3,23.28358276643991,0.08535853028297424,0.06381551176309586,0.11932513007851446,0.06210398274468789,2816.922723465178,928.3586016491175,2817.8928263821435,377.0877853790313,6114.1093565008105,1711.4067658710023
audio_0461,audio_0461.mp3,rhythmic,..\..\data\raw\audio\audio_0461.mp3,17.910476190476192,0.10800465196371078,0.06640595197677612,0.22210724983808292,0.1363397118066358,4737.68213640599,1439.154516879612,3005.604001992799,335.52840640140954,8316.070050649692,1447.8464568947581
audio_0462,audio_0462.mp3,rhythmic,..\..\data\raw\audio\audio_0462.mp3,17.910476190476192,0.06761427223682404,0.056666042655706406,0.17500139147506477,0.1373612557300554,4065.2949626714167,1534.5090144265566,3004.1447517938213,394.1378293141377,7646.351172886982,1956.8722434325261
audio_0463,audio_0463.mp3,rhythmic,..\..\data\raw\audio\audio_0463.mp3,11.294149659863946,0.004058636724948883,0.004468942526727915,0.3812684484086242,0.10276437393243712,5115.966151452017,1056.670369268162,2989.716915703499,327.79064814263165,8748.604387913885,926.7442712215308
audio_0464,audio_0464.mp3,rhythmic,..\..\data\raw\audio\audio_0464.mp3,11.294149659863946,0.010785489343106747,0.011012359522283077,0.24563554767710472,0.10205964899581886,4561.9883094165925,1268.0821739875707,3076.782663509449,316.7279743602203,8461.996127839451,1088.264647850167
audio_0465,audio_0465.mp3,rhythmic,..\..\data\raw\audio\audio_0465.mp3,5.517278911564626,0.0509767010807991,0.03190813958644867,0.04881991859243697,0.03295309396970605,1906.3069124058252,1283.3072617163132,2275.10602156076,870.633486622188,4069.187298943015,3026.394359082911
audio_0466,audio_0466.mp3,rhythmic,..\..\data\raw\audio\audio_0466.mp3,3.4285714285714284,0.01039193756878376,0.011221528053283691,0.14974068306587837,0.10756968815890336,4073.2319611266926,1646.8640838143838,2741.6086366140185,718.9427296453295,7415.351331556166,2404.4881828869297
audio_0467,audio_0467.mp3,rhythmic,..\..\data\raw\audio\audio_0467.mp3,6.857142857142857,0.04583035781979561,0.030985720455646515,0.04898318728885135,0.04068159721770181,1848.9835415778625,1332.778535447085,2247.0992592616394,864.7276491085474,3920.825277792441,3166.865205246166
audio_0468,audio_0468.mp3,rhythmic,..\..\data\raw\audio\audio_0468.mp3,3.7500226757369615,0.013861211948096752,0.017333531752228737,0.1359230324074074,0.10344816846971126,3799.7251010961045,1780.113308733842,2730.222758790318,843.6985628419418,7088.079155815973,2866.8181105812246
audio_0469,audio_0469.mp3,rhythmic,..\..\data\raw\audio\audio_0469.mp3,7.5,0.042902812361717224,0.031175514683127403,0.047895401993034055,0.04100695333240812,1818.3055084379823,1333.954121180299,2234.7351930545938,867.8660752719845,3856.410014149574,3186.0378337651127
audio_0470,audio_0470.mp3,dreamlike,..\..\data\raw\audio\audio_0470.mp3,9.6,0.0319843590259552,0.029097244143486023,0.038379613903985504,0.01929928403557279,1055.7866980481747,268.56829334353614,1477.1670359541906,266.3949190446375,1960.7177734375,397.9327727811797
audio_0471,audio_0471.mp3,dreamlike,..\..\data\raw\audio\audio_0471.mp3,6.0,0.018392611294984818,0.007845805026590824,0.18167644486003862,0.029366101595181524,2313.6885790384563,251.3548347450457,1183.082843670982,146.72034278703683,3006.542308910473,479.3815334007014
audio_0472,audio_0472.mp3,dreamlike,..\..\data\raw\audio\audio_0472.mp3,9.6,0.04689600691199303,0.01650722324848175,0.07223731884057971,0.008863139462056618,941.3453966771893,55.379224722422656,546.9048620181284,96.71222131117646,1350.01220703125,162.69641202667293
audio_0473,audio_0473.mp3,dreamlike,..\..\data\raw\audio\audio_0473.mp3,16.73183673469388,0.07424955070018768,0.06389357149600983,0.06044055023404993,0.027195268658316406,797.2242087445497,184.9892789324143,726.723886414788,240.45771144118723,1371.4798714350727,331.1894744231692
audio_0474,audio_0474.mp3,dreamlike,..\..\data\raw\audio\audio_0474.mp3,8.0,0.09982343763113022,0.034180961549282074,0.021490036231884058,0.015091657521910001,227.39248360728539,228.19410331773705,219.1171991450211,197.15456704198976,367.4063773777174,434.6130754958681
audio_0475,audio_0475.mp3,dreamlike,..\..\data\raw\audio\audio_0475.mp3,20.06204081632653,0.004549941513687372,0.005871027708053589,0.09753432080924855,0.17664549853149517,2029.4653374948891,1853.4884652881851,2113.7367206833787,691.2424871466222,3630.0748509754335,2899.768137154577
audio_0476,audio_0476.mp3,dreamlike,..\..\data\raw\audio\audio_0476.mp3,21.33374149659864,0.009883507154881954,0.00819955300539732,0.05975361721300326,0.014360280927580378,1084.5832783258834,205.78796667901148,1161.9344588659512,264.57184467819127,2018.1930193314745,435.02005027095237
audio_0477,audio_0477.mp3,dreamlike,..\..\data\raw\audio\audio_0477.mp3,16.0,0.13366122543811798,0.022880885750055313,0.034228515625,0.002641805021536115,515.8121613892473,25.476140284374015,649.8064190977301,46.35910625316562,670.5408245584239,55.51233149273856
audio_0478,audio_0478.mp3,dreamlike,..\..\data\raw\audio\audio_0478.mp3,16.0,0.1416981965303421,0.06596941500902176,0.03008378623188406,0.012111405158248913,645.6760711280652,193.76574762530865,1087.0965123912522,222.8249443965904,760.5277683423913,554.8805224862762
audio_0479,audio_0479.mp3,dreamlike,..\..\data\raw\audio\audio_0479.mp3,28.533106575963718,0.10570525377988815,0.07021121680736542,0.046515443831366965,0.023201083827723953,1581.5001932804646,702.2200586227132,2065.0202626627747,573.8057975507137,3157.969512815297,2108.87492725548
audio_0480,audio_0480.mp3,dreamlike,..\..\data\raw\audio\audio_0480.mp3,9.559455782312925,0.12884268164634705,0.07629851996898651,0.028845333358616505,0.006125456783126147,551.8594945011353,109.86036986112258,865.6491581169262,199.78672243576818,591.3268450394418,151.52691706899571
audio_0481,audio_0481.mp3,dreamlike,..\..\data\raw\audio\audio_0481.mp3,18.0,0.07437050342559814,0.07608052343130112,0.03986728314271907,0.016455409703321145,697.824250197501,188.68285856649956,705.1482987114628,258.7198878920258,1257.7638291821038,425.34400040481586
audio_0482,audio_0482.mp3,dreamlike,..\..\data\raw\audio\audio_0482.mp3,8.529569160997733,0.07372202724218369,0.10989830642938614,0.07133948284646739,0.12351281298148549,1310.20415882701,1257.7484026706825,1648.363384473086,793.047733702432,2427.9564235521398,2588.9797001361208
audio_0483,audio_0483.mp3,dreamlike,..\..\data\raw\audio\audio_0483.mp3,26.749387755102042,0.02077002450823784,0.03848915919661522,0.09297713505529055,0.031848020258267634,1389.4386564791716,633.1820196429508,1205.1667214339002,727.7370829295381,2325.2684488155896,1550.4416258844446
audio_0484,audio_0484.mp3,dreamlike,..\..\data\raw\audio\audio_0484.mp3,13.37501133786848,0.16132599115371704,0.11124318838119507,0.01931799718370884,0.013477182159377894,336.4807200662942,431.0581935490764,517.9071376634329,450.0023852895792,500.432387009857,948.1926232379368
audio_0485,audio_0485.mp3,dreamlike,..\..\data\raw\audio\audio_0485.mp3,22.41827664399093,0.17269445955753326,0.07631969451904297,0.04232731220885093,0.01532058635463239,552.6580320394324,114.73431185741792,578.0018271865151,136.21954604432963,859.1881793478261,466.96260408524535
audio_0486,audio_0486.mp3,dreamlike,..\..\data\raw\audio\audio_0486.mp3,19.218775510204082,0.14981091022491455,0.09013047069311142,0.019587272607185992,0.007552002887622334,288.9254623203133,175.93694142271545,336.65894082662345,205.9189908087441,381.78525178328806,380.12312925576214
audio_0487,audio_0487.mp3,dreamlike,..\..\data\raw\audio\audio_0487.mp3,15.004489795918367,0.04702114686369896,0.03519866615533829,0.05685646493431221,0.010226711884954305,702.6426259660541,273.143370496453,406.5548049245876,524.123015313933,740.8653294653207,485.4546336206145
audio_0488,audio_0488.mp3,dreamlike,..\..\data\raw\audio\audio_0488.mp3,11.351292517006803,0.05536889284849167,0.08158691972494125,0.1668853447724949,0.07203657020302598,3017.6516105962287,1118.1368739446734,2615.4500715834,598.9350866294291,5835.343923744248,2301.1743949204515
audio_0489,audio_0489.mp3,dreamlike,..\..\data\raw\audio\audio_0489.mp3,8.0,0.07064919173717499,0.012637489475309849,0.10212154664855072,0.01846258968326115,1558.608691971637,242.27098641239078,1373.396155864071,240.07214152778283,2690.1524286684785,664.0712325061293
audio_0490,audio_0490.mp3,dreamlike,..\..\data\raw\audio\audio_0490.mp3,14.833333333333334,0.007083390839397907,0.008398314006626606,0.07603967991979656,0.034665359635349766,1527.9992895992557,668.8222035533062,1598.6932643753275,716.5869138901797,2979.7538649867956,1752.9972507399225
audio_0491,audio_0491.mp3,dreamlike,..\..\data\raw\audio\audio_0491.mp3,18.166666666666668,0.007974987849593163,0.011003978550434113,0.07336940253831417,0.03294985125278503,1525.40849641209,702.7937703446,1675.7372572818285,779.7966291540304,3113.761673850575,1900.6511315013724
audio_0492,audio_0492.mp3,dreamlike,..\..\data\raw\audio\audio_0492.mp3,13.0,0.005102235358208418,0.007466134615242481,0.09700666155133929,0.029645131531403735,1815.7275354634585,719.7851324935191,1796.647302840147,721.3553066697481,3383.2122802734375,2020.6070258353177
audio_0493,audio_0493.mp3,dreamlike,..\..\data\raw\audio\audio_0493.mp3,13.0,0.011417738161981106,0.013047279790043831,0.07159598214285715,0.017655709940287957,1387.4016023979457,388.49411141010125,1420.1819215896828,490.55699995392143,2574.8904418945312,1016.039627903324
audio_0494,audio_0494.mp3,dreamlike,..\..\data\raw\audio\audio_0494.mp3,13.0,0.0054492345079779625,0.008715080097317696,0.10091727120535714,0.026955492242333665,1881.4668048343963,707.2086741349358,1772.1659353264945,731.8941419296362,3503.0868530273438,1944.6239066696658
audio_0495,audio_0495.mp3,dreamlike,..\..\data\raw\audio\audio_0495.mp3,13.0,0.007405564654618502,0.011842401698231697,0.09576503208705357,0.02862545294452596,1827.9506445907634,660.506087534818,1785.3370029981838,643.1162065607768,3560.0729370117188,1681.3216303510046
audio_0496,audio_0496.mp3,dreamlike,..\..\data\raw\audio\audio_0496.mp3,12.0,0.007772878278046846,0.01006762869656086,0.07557309296421663,0.024904209640066125,1551.9729302312064,541.2052774337113,1629.621870971401,589.8915522531603,3008.6716199981865,1467.120896682019
audio_0497,audio_0497.mp3,dreamlike,..\..\data\raw\audio\audio_0497.mp3,26.666666666666668,0.006835149601101875,0.010697656311094761,0.0655206293516101,0.009945346514388364,1169.5993767515004,235.44037288120398,1262.947735159298,299.83578282063763,1962.9416841750979,457.46301343662424
audio_0498,audio_0498.mp3,dreamlike,..\..\data\raw\audio\audio_0498.mp3,26.666666666666668,0.008081783540546894,0.012440690770745277,0.05980446651979983,0.010998178354503754,1086.735500945216,229.65180470914973,1207.5751630567818,290.16962504976726,1827.5017720912206,419.76062439691503
audio_0499,audio_0499.mp3,dreamlike,..\..\data\raw\audio\audio_0499.mp3,26.666666666666668,0.006999357137829065,0.01117714773863554,0.06263768766318538,0.015446604063836597,1109.9861570678365,340.576142249402,1258.135979204245,341.04228174130634,1871.2241070700065,597.6449205950595
audio_0500,audio_0500.mp3,clock,..\..\data\raw\audio\audio_0500.mp3,13.378458049886621,0.024167818948626518,0.02953297086060047,0.09099294573223571,0.03843105008516258,2852.978261752597,403.5486477399358,3280.576211816757,168.07841179371388,7490.326572993393,782.9665938473397
audio_0501,audio_0501.mp3,clock,..\..\data\raw\audio\audio_0501.mp3,7.30485260770975,0.005608139559626579,0.0026087232399731874,0.21772693452380953,0.048832876930053386,4533.234114161779,721.8259922842491,3328.342308715036,149.26595062705636,8770.302734375,580.619491493531
audio_0502,audio_0502.mp3,clock,..\..\data\raw\audio\audio_0502.mp3,3.8677097505668936,0.011222654022276402,0.00941519346088171,0.09308336452095808,0.0193213127170987,2606.3244067974797,281.32937857836464,2899.7168360057817,539.6391616537738,6349.200329809131,1424.2924331113554
audio_0503,audio_0503.mp3,clock,..\..\data\raw\audio\audio_0503.mp3,7.169115646258503,0.002098933793604374,0.00232501863501966,0.08551084648058252,0.014957892092113186,2747.1614316821747,435.1646020892885,2999.2490461060024,261.3151762277187,6688.0107990746355,760.5371683276888
audio_0504,audio_0504.mp3,clock,..\..\data\raw\audio\audio_0504.mp3,9.096462585034013,0.02832736074924469,0.008678416721522808,0.026692293128188774,0.009419862681956557,988.5033823788764,251.62434842990191,1869.3329544407673,193.81813991952416,1775.28076171875,996.7463032092048
audio_0505,audio_0505.mp3,clock,..\..\data\raw\audio\audio_0505.mp3,6.123854875283446,0.003369172802194953,0.0037867685314267874,0.03304591323390151,0.028251119091751445,1348.71039484862,290.8374749062455,1902.4267885906556,482.61847412953836,2470.7311456853695,670.5141918676001
audio_0506,audio_0506.mp3,clock,..\..\data\raw\audio\audio_0506.mp3,17.485215419501134,0.046819936484098434,0.018572267144918442,0.026023318343832893,0.01884687784018337,1554.106293970306,395.91864160929583,2564.4906225782133,259.21818578716835,4044.1440248362896,1018.2011443397363
audio_0507,audio_0507.mp3,clock,..\..\data\raw\audio\audio_0507.mp3,7.524353741496599,0.00508012855425477,0.0011565614258870482,0.03595853365384615,0.02122944449434985,1698.4527218382916,687.6233417889631,2610.0471825104196,336.8293416151586,4233.427734375,1763.4132957271615
audio_0508,audio_0508.mp3,clock,..\..\data\raw\audio\audio_0508.mp3,7.498231292517007,0.05873037502169609,0.010872428305447102,0.03841095443111455,0.02495781330804229,1709.1164686686518,573.8732726503287,2559.511040853942,226.70454715689212,4282.140773147253,1222.1942441326955
audio_0509,audio_0509.mp3,clock,..\..\data\raw\audio\audio_0509.mp3,24.530385487528346,0.0034699428360909224,0.0017116055823862553,0.061807998758278145,0.04488453945710954,3072.689603928788,481.5220757441042,3266.8262941925473,327.7086185751525,7445.425839455712,926.4105735824738
audio_0510,audio_0510.mp3,clock,..\..\data\raw\audio\audio_0510.mp3,3.964263038548753,0.024059509858489037,0.009801778011023998,0.003258063779239766,0.003043974980482692,434.96249094188727,155.5346512034864,1315.4872019362003,205.30088411416426,488.77852590460526,399.2209542760465
audio_0511,audio_0511.mp3,clock,..\..\data\raw\audio\audio_0511.mp3,13.974421768707483,0.011914937756955624,0.005489117465913296,0.05473535480689369,0.02445013959988466,2248.6098761863054,278.7601132234544,2780.045329162368,363.91526948030895,5543.512104832849,891.5771715576608
audio_0512,audio_0512.mp3,clock,..\..\data\raw\audio\audio_0512.mp3,12.144308390022676,0.004793201107531786,0.0025003773625940084,0.013358778625954198,0.012262193277330245,1105.9855929944881,470.1191646898502,2142.1572044185336,271.51122216013243,2275.102082463621,1393.0491065257577
audio_0513,audio_0513.mp3,clock,..\..\data\raw\audio\audio_0513.mp3,7.9117913832199545,0.005914021283388138,0.0074867065995931625,0.20558931680718476,0.034892938541883224,3048.525128138823,464.6706882842335,2073.0939825138344,186.1175483963832,5737.335688347691,791.972155440867
audio_0514,audio_0514.mp3,clock,..\..\data\raw\audio\audio_0514.mp3,5.2628571428571425,0.0071468050591647625,0.008333945646882057,0.2695527601872247,0.03130573494296165,3463.205438743728,259.675807754469,2066.6110708571864,186.72551214455484,5899.4336367703745,404.85677291588445
audio_0515,audio_0515.mp3,clock,..\..\data\raw\audio\audio_0515.mp3,10.824897959183673,0.01070343516767025,0.025607122108340263,0.5021685124464668,0.12983179188483723,5602.098839437349,1113.9429782521993,2575.735845606886,636.738714324479,8403.528485512581,1587.4016258017662
audio_0516,audio_0516.mp3,clock,..\..\data\raw\audio\audio_0516.mp3,15.98185941043084,0.03493364527821541,0.021984506398439407,0.01909611982946299,0.021567699557830545,1279.675660811707,362.53673318479866,2267.873897504754,433.4881982518105,2923.812073374002,1415.0528006720742
audio_0517,audio_0517.mp3,clock,..\..\data\raw\audio\audio_0517.mp3,7.99092970521542,0.03663330525159836,0.018799543380737305,0.029643625452898552,0.03246504953621616,1496.755026180292,792.4208619429245,2256.690213186926,243.6437525706617,2995.081309442935,1744.237371034197
audio_0518,audio_0518.mp3,clock,..\..\data\raw\audio\audio_0518.mp3,3.99546485260771,0.03699743002653122,0.012762760743498802,0.045909727239884394,0.036042456123293924,2000.6145669970872,1167.3500511818766,2346.521754397862,399.4685830094509,3891.2240618226156,2254.139336825411
audio_0519,audio_0519.mp3,clock,..\..\data\raw\audio\audio_0519.mp3,19.26,0.007867713458836079,0.00646990304812789,0.009807981927710843,0.010765396622663029,779.2674781766262,415.68241505858805,1571.7512205733385,432.4032058418689,1539.6629388648344,889.5416089269414
audio_0520,audio_0520.mp3,clock,..\..\data\raw\audio\audio_0520.mp3,15.824897959183673,0.000609634502325207,0.0002847096184268594,0.031193439561950146,0.019499380552747955,1651.061149488756,514.4851275167658,2458.005964866978,647.6788977310416,4232.505784915689,1384.854903683117
audio_0521,audio_0521.mp3,clock,..\..\data\raw\audio\audio_0521.mp3,21.80498866213152,0.001537937088869512,0.0012211664579808712,0.08582477975398936,0.05074546266006959,2316.0441110744496,605.8884910847923,2547.842393885204,269.20579414776665,5278.303508352726,1019.704119963609
audio_0522,audio_0522.mp3,clock,..\..\data\raw\audio\audio_0522.mp3,4.0,0.006836396642029285,0.01829972304403782,0.42371805003612717,0.055667729169055685,5095.306784367692,693.1447516469999,2833.1008303510625,293.5861023888615,8537.105988078034,510.0115507906157
audio_0523,audio_0523.mp3,clock,..\..\data\raw\audio\audio_0523.mp3,20.43469387755102,0.00048626106581650674,0.00035618431866168976,0.08644684218927355,0.02174644372315447,2491.7152885370683,425.1456900663408,2901.144242540383,294.3887079884015,6102.023374317182,1277.5346987502367
audio_0524,audio_0524.mp3,clock,..\..\data\raw\audio\audio_0524.mp3,8.530340136054422,0.01371128298342228,0.027697505429387093,0.39947377080502716,0.21144064804513035,4635.66745075832,1796.0788758814617,2772.5911798198586,493.51074183854456,7725.533991274627,2467.9329009528224
audio_0525,audio_0525.mp3,clock,..\..\data\raw\audio\audio_0525.mp3,27.689433106575965,0.00020441129163373262,0.00026563412393443286,0.11491881352158424,0.017920507114073402,2450.15816709172,228.5295856270254,2608.1591459425176,323.0277924380261,5358.71719142917,738.2372603350858
audio_0526,audio_0526.mp3,clock,..\..\data\raw\audio\audio_0526.mp3,9.775600907029478,0.008228885941207409,0.008786942809820175,0.08555682575533176,0.11216032512392524,2476.080227571479,1667.5248584507137,2902.7112439598195,690.2729337164814,5444.711231394402,3324.0275299876325
audio_0527,audio_0527.mp3,clock,..\..\data\raw\audio\audio_0527.mp3,13.0,0.001032862695865333,0.0010495162568986416,0.14980207170758927,0.047767584974063616,2716.051197189421,500.1134955237431,2602.4434256638083,259.9622718008808,5205.978698730469,1433.7379504344003
audio_0528,audio_0528.mp3,clock,..\..\data\raw\audio\audio_0528.mp3,9.426122448979593,0.0006255459156818688,0.0006744723068550229,0.0752073391317734,0.07696072976592921,2069.1829893811314,837.3017762937253,2479.601498576335,382.0152713336825,4477.341645339439,1214.573670764497
audio_0529,audio_0529.mp3,clock,..\..\data\raw\audio\audio_0529.mp3,4.620770975056689,0.15281882882118225,0.07177688181400299,0.05772216796875,0.016834438991902994,1244.611728959186,196.65205911847664,1383.7052573042342,149.63452797041697,2531.0126953125,369.60405547209143
audio_0530,audio_0530.mp3,footsteps,..\..\data\raw\audio\audio_0530.mp3,19.63750566893424,0.006533849984407425,0.010558141395449638,0.11826044898788417,0.05198362840032974,2802.9305574966124,808.519634319562,2803.239408033871,511.7350817277325,6182.421875,1816.613476960528
audio_0531,audio_0531.mp3,footsteps,..\..\data\raw\audio\audio_0531.mp3,5.329160997732426,0.012699549086391926,0.01672370731830597,0.10173870584239131,0.039616159625000674,2454.908319411134,705.4002831577382,2673.885626907507,568.6335558155587,5543.208220108696,1885.2060914760036
audio_0532,audio_0532.mp3,footsteps,..\..\data\raw\audio\audio_0532.mp3,3.8220408163265307,0.0023798043839633465,0.0037920698523521423,0.06897194602272727,0.0547018890487011,1907.3361018267983,977.80898741734,2378.0421353231523,615.633928187569,4228.011807528409,2224.7464534302885
audio_0533,audio_0533.mp3,footsteps,..\..\data\raw\audio\audio_0533.mp3,19.84108843537415,0.00129795097745955,0.002697655698284507,0.26002661275584793,0.18709084761298775,3617.300350705514,1434.791964367344,2935.023375270328,293.7599313631951,7168.491467927632,1879.1861736192595
audio_0534,audio_0534.mp3,footsteps,..\..\data\raw\audio\audio_0534.mp3,14.958321995464853,0.004850085359066725,0.004779670387506485,0.1280674660852713,0.042965062118078746,2710.258745832753,661.5987495191625,2858.253918283,328.5926075009463,6160.098564680233,1416.8721138177384
audio_0535,audio_0535.mp3,footsteps,..\..\data\raw\audio\audio_0535.mp3,17.09283446712018,0.01146126352250576,0.015461526811122894,0.11381060782734057,0.042106090565903614,2466.1654673415883,753.6749549404988,2657.36225615901,476.38850621141285,5458.550122699712,1819.7461251312404
audio_0536,audio_0536.mp3,footsteps,..\..\data\raw\audio\audio_0536.mp3,10.085396825396826,0.010899092070758343,0.01874895580112934,0.1146697647270115,0.0516015690116215,1780.6960558936216,682.6593983559477,1677.973342161494,456.57120782729316,3515.3325363685344,1259.6375643788454
audio_0537,audio_0537.mp3,footsteps,..\..\data\raw\audio\audio_0537.mp3,18.080408163265307,0.043986979871988297,0.01763625256717205,0.0529180289232991,0.023022782436418275,2128.93648441416,451.1899799218343,2589.6584187471854,230.93947742658037,5020.332244363768,975.826188366205
audio_0538,audio_0538.mp3,footsteps,..\..\data\raw\audio\audio_0538.mp3,9.045804988662132,0.036481861025094986,0.03480121120810509,0.08977363782051281,0.0889637455226161,2298.6863524825108,764.4959003778944,2716.785785031635,345.84801824037686,5345.921349158654,1477.1579739175188
audio_0539,audio_0539.mp3,footsteps,..\..\data\raw\audio\audio_0539.mp3,9.542675736961451,0.011473639868199825,0.011328850872814655,0.018232730763381996,0.020050878169107163,1346.691727893921,607.085683203094,2374.6288264298064,458.80720131972083,3246.903156364051,1930.0247933280332
audio_0540,audio_0540.mp3,footsteps,..\..\data\raw\audio\audio_0540.mp3,4.644988662131519,0.003075112821534276,0.004989206790924072,0.059514439521144276,0.03714324720871196,1811.644578023952,807.5547691159148,2521.1408511938976,505.94255776789544,4359.080938083022,2201.443940169941
audio_0541,audio_0541.mp3,footsteps,..\..\data\raw\audio\audio_0541.mp3,16.9502947845805,0.018799884244799614,0.010472303256392479,0.05546072345890411,0.03083301184858523,1941.9085312142738,546.8366714543389,2440.2110430103658,310.71496513936717,4483.994575395976,1320.1758418748582
audio_0542,audio_0542.mp3,footsteps,..\..\data\raw\audio\audio_0542.mp3,7.315419501133787,0.015091229230165482,0.01289394125342369,0.056481470035601264,0.023207122597785686,1743.3685262811487,348.28454930398937,2289.31509945406,292.5349922755712,3893.3189681813687,1030.7468309061749
audio_0543,audio_0543.mp3,footsteps,..\..\data\raw\audio\audio_0543.mp3,7.26,0.016254834830760956,0.015595623292028904,0.06852317541932908,0.027902290215443427,1815.2515418332734,382.1022820031968,2147.915596663059,312.96089710108606,3755.170477236422,1015.0972557358871
audio_0544,audio_0544.mp3,footsteps,..\..\data\raw\audio\audio_0544.mp3,18.192018140589568,0.0011744399089366198,0.0013353405520319939,0.06829335738201531,0.028896548080473285,2174.5540808831615,551.3646058074567,2724.4710095763726,381.2412270744133,5303.7872314453125,1427.82130071687
audio_0545,audio_0545.mp3,footsteps,..\..\data\raw\audio\audio_0545.mp3,18.453469387755103,0.018820427358150482,0.011689325794577599,0.04792772209119497,0.02803461068551263,1857.6239396723404,551.5533780715404,2394.029506080306,327.4850408501657,4277.266085642688,1377.6089673961237
audio_0546,audio_0546.mp3,footsteps,..\..\data\raw\audio\audio_0546.mp3,11.734648526077098,0.019341859966516495,0.03026563674211502,0.1082218456645257,0.08312856552614835,2450.5808240029833,1117.6482476967008,2701.948923728676,617.1960448690417,5447.262054563982,2587.4714251010373
audio_0547,audio_0547.mp3,footsteps,..\..\data\raw\audio\audio_0547.mp3,24.285941043083902,0.02163182944059372,0.030679455026984215,0.11313980715224665,0.09217890393730484,2658.064426616377,1116.7791917230284,2828.173403764112,537.5105534306355,5969.854117807421,2356.338800363816
audio_0548,audio_0548.mp3,footsteps,..\..\data\raw\audio\audio_0548.mp3,6.781950113378684,0.007963161915540695,0.012621572241187096,0.14528450298634812,0.08416646782519822,2480.69010338998,1300.8273549169407,2316.8945034773838,1003.3865374332015,5094.513335244241,2642.4302897573716
audio_0549,audio_0549.mp3,footsteps,..\..\data\raw\audio\audio_0549.mp3,7.985714285714286,0.0009079632582142949,0.0013323647435754538,0.11640114007994186,0.0580308463106833,2302.266685419583,948.3355959286231,2291.9174727831723,853.308376118465,4900.431220476017,2028.1246551575657
audio_0550,audio_0550.mp3,footsteps,..\..\data\raw\audio\audio_0550.mp3,8.77501133786848,0.00485336035490036,0.004673562943935394,0.07043909143518519,0.03986127746756233,2115.48664689795,780.8126016418103,2470.8625723365035,382.1703330281982,4718.84765625,1502.6052375362112
audio_0551,audio_0551.mp3,footsteps,..\..\data\raw\audio\audio_0551.mp3,28.102902494331065,0.000920920807402581,0.0009166054660454392,0.0936701654108175,0.04141121888665706,2512.6121982047434,433.0848208393646,2706.42667970586,333.17390028310416,5627.456365155347,1072.0637707983751
audio_0552,audio_0552.mp3,footsteps,..\..\data\raw\audio\audio_0552.mp3,14.874557823129251,0.26030418276786804,0.04501162841916084,0.030588039927847113,0.010337609163467872,1115.3307224321775,252.4762372615292,1871.9397351063699,273.26042998695993,2311.5104115883387,803.3520233301916
audio_0553,audio_0553.mp3,footsteps,..\..\data\raw\audio\audio_0553.mp3,20.816689342403627,0.012299036607146263,0.017327433452010155,0.03946586277173913,0.059530666377189054,1723.2628977223512,656.2336499298573,2466.5414746679585,421.73112180186615,4074.6605710441054,1601.0954517823482
audio_0554,audio_0554.mp3,footsteps,..\..\data\raw\audio\audio_0554.mp3,12.059591836734693,0.0045397235080599785,0.005107144359499216,0.20213247445913463,0.07836665543011416,3690.3146544715755,598.2817066679553,2958.6716949436363,219.26938642924415,7365.846228966346,870.5865623093181
audio_0555,audio_0555.mp3,footsteps,..\..\data\raw\audio\audio_0555.mp3,10.0,0.00495196832343936,0.0029849775601178408,0.06324091864849188,0.029860117862509267,2026.8802080750552,481.8498934967548,2379.3614083061702,236.1393816345179,4495.843038536833,980.687389575186
audio_0556,audio_0556.mp3,footsteps,..\..\data\raw\audio\audio_0556.mp3,3.215963718820862,0.004631707910448313,0.0029321538750082254,0.09785296762589928,0.02828338687901606,2499.459691547837,335.8940249409856,2675.4796294075713,217.61972249889257,5691.039687781025,714.13573191053
audio_0557,audio_0557.mp3,footsteps,..\..\data\raw\audio\audio_0557.mp3,3.4885714285714284,0.03505490720272064,0.02597404457628727,0.06026554739238411,0.024417130206563515,1949.157807683893,375.014883538985,2590.1812223745455,370.72281645189867,4733.026567673841,1170.303669260555
audio_0558,audio_0558.mp3,footsteps,..\..\data\raw\audio\audio_0558.mp3,20.19034013605442,0.009652267210185528,0.01442818995565176,0.07778432561063219,0.04123917714173159,1832.883864075931,833.0786837164627,2275.6786431259648,697.0166850151753,4102.013318292026,2318.3038423439098
audio_0559,audio_0559.mp3,footsteps,..\..\data\raw\audio\audio_0559.mp3,26.28267573696145,0.004661413840949535,0.008727096021175385,0.14048006846289754,0.08656695940807703,3074.7832324906367,1074.497605145173,2875.8984109776006,511.56078054887195,6511.577851527993,2057.0523466770287
audio_0560,audio_0560.mp3,whisper,..\..\data\raw\audio\audio_0560.mp3,11.26140589569161,0.008899573236703873,0.013284135609865189,0.06580521101804124,0.10106512616936014,1528.8692898726733,1393.8995895599564,1864.9097146847864,776.3136417184112,2972.181409068943,2656.200143696211
audio_0561,audio_0561.mp3,whisper,..\..\data\raw\audio\audio_0561.mp3,12.029160997732426,0.006340054329484701,0.013018476776778698,0.08391851818400771,0.09245891727758679,1894.5543219426913,1345.1045741482544,2159.5430777086804,788.4467478759958,3764.03709808526,2639.2676550987776
audio_0562,audio_0562.mp3,whisper,..\..\data\raw\audio\audio_0562.mp3,17.076916099773243,0.008384352549910545,0.007989408448338509,0.2831779148267663,0.1678416096284917,3764.959908993913,1965.3352818639262,2305.1945823956535,970.9424714098534,6378.889598017154,2970.844930463811
audio_0563,audio_0563.mp3,whisper,..\..\data\raw\audio\audio_0563.mp3,15.923083900226757,0.0054190512746572495,0.0054001519456505775,0.22890639235604957,0.16106435234842295,3190.2007440790962,1876.5024688930614,2194.244604728788,1027.68936086043,5618.015834263393,2992.1672915902723
audio_0564,audio_0564.mp3,whisper,..\..\data\raw\audio\audio_0564.mp3,22.153877551020408,0.010070658288896084,0.010896895080804825,0.3774122627617801,0.15216520509018044,4482.678583448482,1664.2652899934901,2409.290705467749,664.8324490941145,7153.995239896924,2219.424518040245
audio_0565,audio_0565.mp3,whisper,..\..\data\raw\audio\audio_0565.mp3,20.307709750566893,0.0073452601209282875,0.007990730926394463,0.3121880580357143,0.1454293853604229,3872.247305246302,1659.1249297580403,2396.2100770027064,774.4485407158264,6546.4259765625,2455.9727615306324
audio_0566,audio_0566.mp3,whisper,..\..\data\raw\audio\audio_0566.mp3,18.23079365079365,0.004930934403091669,0.005386182107031345,0.2620219068066158,0.15059824347426737,3429.5518938216064,1608.0012328368884,2360.6559850045614,819.311957392734,6053.665557162452,2492.1006671319255
audio_0567,audio_0567.mp3,whisper,..\..\data\raw\audio\audio_0567.mp3,17.076916099773243,0.004405288025736809,0.00506361061707139,0.2713165283203125,0.14145211224850926,3537.189735276371,1511.2251489712191,2427.2383676273444,711.5882862044236,6248.915066926375,2285.9535619655367
audio_0568,audio_0568.mp3,whisper,..\..\data\raw\audio\audio_0568.mp3,15.0,0.004811915103346109,0.0051277680322527885,0.22684216573142416,0.15906365659674704,3186.8929526038833,1933.9074173172644,2182.95323149125,1053.3610731682434,5641.582552788796,3085.9688455291057
audio_0569,audio_0569.mp3,whisper,..\..\data\raw\audio\audio_0569.mp3,13.615374149659864,0.00513598183169961,0.006663376931101084,0.292857285455707,0.16619280630766606,3690.6479690592005,1791.9033843814473,2355.8304778370857,842.5417438449638,6353.523818475831,2593.2162990280067
audio_0570,audio_0570.mp3,whisper,..\..\data\raw\audio\audio_0570.mp3,19.384625850340136,0.011148170568048954,0.01093239150941372,0.36389701066616764,0.1794524722431638,4479.960730959809,2005.7459859967762,2266.18106152008,884.5093886112463,7039.32014876497,2818.5602202361783
audio_0571,audio_0571.mp3,whisper,..\..\data\raw\audio\audio_0571.mp3,10.153877551020408,0.006593030411750078,0.006924320477992296,0.2713963060074201,0.18810274441936167,3559.6561746744324,2175.85603010234,2156.8911518288955,1082.0640132538344,5999.3322921125855,3264.5096908607497
audio_0572,audio_0572.mp3,whisper,..\..\data\raw\audio\audio_0572.mp3,26.468480725623582,0.006088735070079565,0.008745569735765457,0.09532749109100877,0.07828233412878598,2249.563862332225,727.9550754675718,2527.84567960263,286.06283245597007,5034.9539987664475,1268.9544681503635
audio_0573,audio_0573.mp3,whisper,..\..\data\raw\audio\audio_0573.mp3,11.086530612244898,0.01232285425066948,0.014319700188934803,0.2759912722280335,0.14194189135018587,4278.053957497375,1148.090965178367,2805.824204145602,304.8474284542395,7561.442840448483,1229.5683323533294
audio_0574,audio_0574.mp3,whisper,..\..\data\raw\audio\audio_0574.mp3,27.433696145124717,0.11509214341640472,0.07557593286037445,0.09958706773477158,0.0628995204849748,1709.0527563226733,773.1120502347682,1745.747724849713,494.09197174150887,3503.362882197811,1723.721412284747
audio_0575,audio_0575.mp3,whisper,..\..\data\raw\audio\audio_0575.mp3,16.038956916099774,0.12149164080619812,0.0583890862762928,0.14459625994934877,0.08955614783737516,2414.085788012519,971.3559434272352,2349.26342988654,410.6219995950713,4965.148413474584,1848.3512706246054
audio_0576,audio_0576.mp3,whisper,..\..\data\raw\audio\audio_0576.mp3,9.195102040816327,0.02835002727806568,0.03957414627075195,0.10889409831549118,0.055910344228513605,2152.773097895648,799.315886870627,2315.919702001139,710.1892470660205,4430.958261177582,2233.2617753798377
audio_0577,audio_0577.mp3,whisper,..\..\data\raw\audio\audio_0577.mp3,5.328979591836735,0.19272205233573914,0.12839841842651367,0.12346297554347826,0.11225541924004391,2127.8618644676094,1045.680443526647,1525.8289785180245,266.1114383956061,3835.4379670516305,1129.1668059534377
audio_0578,audio_0578.mp3,whisper,..\..\data\raw\audio\audio_0578.mp3,27.626666666666665,0.013163997791707516,0.012596407905220985,0.10092034860819328,0.12727751136497947,2228.9289278267743,1513.3978484541924,2366.2901487310533,517.6699000314399,4105.61279296875,2609.480137213039
audio_0579,audio_0579.mp3,whisper,..\..\data\raw\audio\audio_0579.mp3,28.29496598639456,0.031880300492048264,0.042727693915367126,0.13326593262920428,0.11056483017693441,2000.5604973188815,1412.377085712551,1472.3594979972709,1061.8705081406226,3416.722270912377,2618.701343840061
audio_0580,audio_0580.mp3,whisper,..\..\data\raw\audio\audio_0580.mp3,12.411065759637188,0.010915729217231274,0.011021070182323456,0.31095027745327103,0.24496709449628679,4098.8228104394475,2070.2926100614336,2618.089541107539,298.5067722470173,6992.716532199182,2044.5940749004924
audio_0581,audio_0581.mp3,whisper,..\..\data\raw\audio\audio_0581.mp3,16.08344671201814,0.164419487118721,0.03605268895626068,0.21584708694083693,0.06676503618532584,2436.2071304108263,484.15757308270446,1183.329899480454,140.0853876551678,3824.862393465909,545.513455811268
audio_0582,audio_0582.mp3,whisper,..\..\data\raw\audio\audio_0582.mp3,21.640997732426303,0.004702294245362282,0.0017716268775984645,0.3171179997320472,0.08704221054900292,4033.5963996821374,700.7000637223616,2619.4511639758534,167.61610046584798,7004.1070576266075,586.4322710099968
audio_0583,audio_0583.mp3,whisper,..\..\data\raw\audio\audio_0583.mp3,23.42231292517007,0.16118226945400238,0.04526175558567047,0.22189309882928643,0.062355290330242216,2477.8970667300837,445.709207580877,1184.94469597367,115.62973933367547,3874.9415175529607,445.35310631518814
audio_0584,audio_0584.mp3,whisper,..\..\data\raw\audio\audio_0584.mp3,16.081133786848074,0.17253297567367554,0.07188782840967178,0.07569698097041846,0.05277750856950158,1371.7018757171645,704.4462485208301,1483.8534412217457,556.1094855397929,2422.5319602272725,1469.0882918341401
audio_0585,audio_0585.mp3,whisper,..\..\data\raw\audio\audio_0585.mp3,10.565079365079365,0.11397454887628555,0.058304157108068466,0.06895366467927631,0.046271389171542665,1922.9926642188898,693.845289047406,2253.4323646705147,383.9873427929933,4207.285670230263,1528.221479547828
audio_0586,audio_0586.mp3,whisper,..\..\data\raw\audio\audio_0586.mp3,18.456598639455784,0.004837992135435343,0.0034421845339238644,0.2597121904481132,0.11198531841549418,3861.9797237659577,1182.6875604948834,2978.5519121242173,379.9487928230444,7551.504735406839,1707.9684822568777
audio_0587,audio_0587.mp3,whisper,..\..\data\raw\audio\audio_0587.mp3,3.442358276643991,0.0009077269351109862,0.0013924794038757682,0.35630439911912754,0.17401441502238027,4686.442266447246,1710.6715492312103,2105.364509147124,867.9638121780731,7137.028431732382,2661.032207454883
audio_0588,audio_0588.mp3,whisper,..\..\data\raw\audio\audio_0588.mp3,9.822086167800453,0.14380423724651337,0.07679042220115662,0.051954737249410375,0.03346488002647724,1036.7687713439766,444.50580857517184,1306.3545000762253,329.09387939306856,2166.8039573813385,1155.3511279775873
audio_0589,audio_0589.mp3,whisper,..\..\data\raw\audio\audio_0589.mp3,20.259410430839,0.031653568148612976,0.01817108690738678,0.13254794440864834,0.08946225491611876,1642.5035813630911,942.957610917666,963.4317038118976,456.40402399125924,2359.168361388531,1530.996617879359
audio_0590,audio_0590.mp3,mechanical,..\..\data\raw\audio\audio_0590.mp3,26.71160997732426,0.012385902926325798,0.015004395507276058,0.4003460815323632,0.21913713797482498,5233.277775377417,1739.2571802244968,2836.968119646506,352.700815808077,8391.831618904756,1487.9299579968874
audio_0591,audio_0591.mp3,mechanical,..\..\data\raw\audio\audio_0591.mp3,4.202857142857143,0.0024462584406137466,0.0027002617716789246,0.04150658911401099,0.0356832279143134,953.9365512735457,384.05496351917037,1428.6775776019542,271.27524018358207,1600.200946514423,848.2672477782677
audio_0592,audio_0592.mp3,mechanical,..\..\data\raw\audio\audio_0592.mp3,3.4191383219954647,0.09669685363769531,0.05446003004908562,0.01388962204391892,0.009014419861748094,750.0540953271,511.1360016843392,1499.255415470306,598.2925971735694,1667.4410433382602,1202.0824737931237
audio_0593,audio_0593.mp3,mechanical,..\..\data\raw\audio\audio_0593.mp3,19.866031746031744,0.00507260812446475,0.011265910230576992,0.22824866749415887,0.23348995685575485,3491.451119337441,1949.0364129605402,2533.1769244444085,683.0140484203354,6361.967254353461,2318.973893343685
audio_0594,audio_0594.mp3,mechanical,..\..\data\raw\audio\audio_0594.mp3,13.460090702947845,0.024431822821497917,0.03370159491896629,0.17971023033405173,0.12578094760681693,3017.811836460363,1695.040002991339,2141.246922606967,1169.3278391236172,5578.417589911099,3068.6812790655326
audio_0595,audio_0595.mp3,mechanical,..\..\data\raw\audio\audio_0595.mp3,16.0,0.024961082264780998,0.025392483919858932,0.16149866961050724,0.05968793267418853,1916.906211608322,810.7098123905914,1140.7513543314492,650.9892132512048,3098.98681640625,1617.1508388546267
audio_0596,audio_0596.mp3,mechanical,..\..\data\raw\audio\audio_0596.mp3,3.312018140589569,0.2597421407699585,0.1313439905643463,0.051897809222027975,0.04691672515043652,1296.8120145066362,1031.7317072113995,1725.409868028673,811.4176761516596,2532.4100947880243,2504.960609268211
audio_0597,audio_0597.mp3,mechanical,..\..\data\raw\audio\audio_0597.mp3,3.088027210884354,0.10281515121459961,0.0835082083940506,0.059959468984962405,0.049520893200721255,1576.8488507082702,888.8484901042013,2011.7237262645083,675.0815114345933,3376.9891036184213,1942.0321268587081
audio_0598,audio_0598.mp3,mechanical,..\..\data\raw\audio\audio_0598.mp3,4.95469387755102,0.2704036831855774,0.12259135395288467,0.06385760441004673,0.07639491021253401,1546.011807492394,1254.6298322234077,1890.5521421915032,946.7562801971546,3187.215929833528,2796.140337094995
audio_0599,audio_0599.mp3,mechanical,..\..\data\raw\audio\audio_0599.mp3,4.405351473922902,0.2542460858821869,0.10946013033390045,0.0786158511513158,0.049306036431554325,1800.5500679459487,920.7598532756921,2112.0184558895344,692.0134431480082,3828.886847245066,2161.5428300804597
audio_0600,audio_0600.mp3,mechanical,..\..\data\raw\audio\audio_0600.mp3,5.589342403628118,0.12838833034038544,0.08843423426151276,0.07364334802904564,0.09946499940828267,1683.4566161073046,1131.277825123914,2087.7148982494773,530.0694683023057,3355.6503865728732,1916.3440286406988
audio_0601,audio_0601.mp3,mechanical,..\..\data\raw\audio\audio_0601.mp3,4.122675736961451,0.07366642355918884,0.08187118917703629,0.0448999297752809,0.02935555720536221,1386.5835251251274,853.9130186408938,1847.3975515556804,815.9023715161013,3122.9798049069523,1938.7237788459338
audio_0602,audio_0602.mp3,mechanical,..\..\data\raw\audio\audio_0602.mp3,3.1253514739229025,0.25225961208343506,0.12576843798160553,0.05188078703703704,0.03476595613350109,1290.7897383328752,929.230919450585,1590.3831570549148,856.0076150404634,2624.3391927083335,2190.491077312238
audio_0603,audio_0603.mp3,mechanical,..\..\data\raw\audio\audio_0603.mp3,4.501360544217687,0.2375447005033493,0.11547739058732986,0.04203749194587629,0.04481897857350429,1132.335334108341,1052.619886356938,1589.312146498799,723.8865694099635,2025.1200567815722,2354.767474365879
audio_0604,audio_0604.mp3,mechanical,..\..\data\raw\audio\audio_0604.mp3,3.498684807256236,0.2149723321199417,0.13651473820209503,0.1039036630794702,0.08437294896254012,2237.690925532154,1361.4741672535827,2318.1386314975593,819.058087161063,4632.775959747517,2866.8252113760063
audio_0605,audio_0605.mp3,mechanical,..\..\data\raw\audio\audio_0605.mp3,3.2746938775510204,0.11755501478910446,0.09888753294944763,0.0381684639084507,0.01580640465943221,1277.526035610878,430.17098548699425,2000.1915867569476,445.64642374645814,2749.350276463468,1346.5379324510848
audio_0606,audio_0606.mp3,mechanical,..\..\data\raw\audio\audio_0606.mp3,4.042675736961451,0.1057337075471878,0.13252797722816467,0.026841517857142855,0.025563746413426406,929.3182775742381,793.0836081507066,1415.9834362111012,816.8449774539566,1919.53125,1828.5491181427092
audio_0607,audio_0607.mp3,mechanical,..\..\data\raw\audio\audio_0607.mp3,3.317369614512472,0.2504901885986328,0.15110641717910767,0.05889423076923077,0.0772665365640037,1291.3173545132195,1320.9335095029403,1507.298586298399,1062.5411709493699,2609.8091605659965,2834.3201369705657
audio_0608,audio_0608.mp3,mechanical,..\..\data\raw\audio\audio_0608.mp3,10.0,0.005163925234228373,0.006625165231525898,0.20890507178074247,0.03611840821853815,3344.8238562921483,522.6530089959241,2446.4561772059715,269.3061521536882,6222.121463076421,949.4923256744123
audio_0609,audio_0609.mp3,mechanical,..\..\data\raw\audio\audio_0609.mp3,18.04,0.010633505880832672,0.013890666887164116,0.37566738055019305,0.17649604069186187,4611.94145769877,1134.8381013950755,2603.124525340368,348.7549856685501,7228.283361486487,324.1105221601865
audio_0610,audio_0610.mp3,mechanical,..\..\data\raw\audio\audio_0610.mp3,24.490702947845804,0.018235355615615845,0.014134710654616356,0.08397419283175356,0.06642727724047418,2252.0849533572364,1058.6328839760693,2465.064258953634,442.21918483828983,4665.3674605672395,2185.4804555671703
audio_0611,audio_0611.mp3,mechanical,..\..\data\raw\audio\audio_0611.mp3,7.999909297052154,0.06572259962558746,0.04239918664097786,0.32392295063405796,0.05855842971106946,4193.016239788536,378.73274949687647,2606.971945525461,284.7509798539314,7310.86574388587,570.1779745030548
audio_0612,audio_0612.mp3,mechanical,..\..\data\raw\audio\audio_0612.mp3,5.344716553287982,0.006039583124220371,0.014163484796881676,0.18179704410173161,0.12801911353882858,2902.2839921536874,1768.8496042062905,1967.49541582063,1159.6865649822817,5147.4609375,3166.268194479911
audio_0613,audio_0613.mp3,mechanical,..\..\data\raw\audio\audio_0613.mp3,11.745487528344672,0.0038086751010268927,0.006015964318066835,0.20445860610177866,0.049562909108922734,3316.8689192604065,442.2463102103874,2712.053608514739,234.16391233120393,6639.695094413908,747.0947334330453
audio_0614,audio_0614.mp3,mechanical,..\..\data\raw\audio\audio_0614.mp3,23.65419501133787,0.010613864287734032,0.006331007927656174,0.2403378772080471,0.08361761147029731,3866.122031985143,1054.050090600126,2802.6338171330144,379.3580673519259,7234.638523330164,1681.0452227337241
audio_0615,audio_0615.mp3,mechanical,..\..\data\raw\audio\audio_0615.mp3,10.0,0.029830122366547585,0.024242810904979706,0.10002061883700696,0.03808307079469313,2094.05539707103,601.3927332160368,2264.6907157409073,388.54668654355925,4287.205785056554,1444.6056488898641
audio_0616,audio_0616.mp3,mechanical,..\..\data\raw\audio\audio_0616.mp3,10.768027210884354,0.014884868636727333,0.011144734919071198,0.20527806775323276,0.08896654882717382,3890.7109887185065,748.9979047247712,3111.387294871253,186.81984460506504,7869.43438299771,953.8176980594317
audio_0617,audio_0617.mp3,mechanical,..\..\data\raw\audio\audio_0617.mp3,11.221043083900227,0.016059720888733864,0.01841988041996956,0.054112458032024795,0.03788921362353343,1626.467964695682,659.9312071838174,2138.1242075040345,400.19668121393283,3426.226251775568,1546.4507951069556
audio_0618,audio_0618.mp3,mechanical,..\..\data\raw\audio\audio_0618.mp3,9.66530612244898,0.01774684339761734,0.023951072245836258,0.22161762777278177,0.1746279471751245,2631.5818486999237,1769.1379101534724,2037.415049041124,666.9669118757203,4401.216312106565,2890.297542869854
audio_0619,audio_0619.mp3,mechanical,..\..\data\raw\audio\audio_0619.mp3,9.012244897959183,0.02734282799065113,0.032875556498765945,0.1519270163881748,0.18195106193219365,2314.988709333171,1666.2295351657172,2240.755446599383,534.3816879715245,4483.113251124679,2539.8158199699496
